unit_id,t0,t1,t2,t3,t4,y0,y1,y2,y3,y4,r,y2hat,y3hat,y4hat,RSTN,RCVY,ADPT
U001,10,22,49,58,74,15543.239,15934.923,8701.766,13282.655,14680.366399999999,32.64033333333342,16816.212000000003,8995.529,13804.900333333335,-0.9020325743254995,0.9358720545291535,0.6263568192022081
U002,6,18,34,64,74,12856.248,12666.005,9957.897,13161.86,13213.4713,-15.853583333333367,12412.347666666665,9482.289499999999,13003.324166666667,-0.9063341146906495,0.8855385978651212,0.5699941476366898
U003,13,25,41,60,74,17992.311,18702.5,14610.259,17674.822,16718.1816,59.18241666666654,19649.418666666665,15734.724916666664,18503.37583333333,-0.8418131848703396,0.6330746286936623,-0.6830016466009313
U004,6,18,38,58,74,10964.509,12912.27,9538.866,11647.83,10626.4451,162.3134166666667,16158.538333333334,12785.134333333335,14244.844666666668,-0.6709621066036549,-0.25944689864081966,-0.5821654729400255
U005,6,18,33,63,74,17054.769,16982.108,9156.424,16641.351,16328.130099999998,-6.0550833333333385,16891.281750000002,8974.7715,16574.74508333333,-0.988393826022109,0.9768543412070387,-0.7873516209593061
U006,8,20,37,59,74,17156.604,18335.451,11045.67,16911.262,17828.4076,98.23725000000013,20005.48425,13206.889500000003,18384.82075,-0.8428920781789202,0.6315428178434498,-0.27409894196072376
U007,11,23,44,63,74,23659.559,23548.817,15492.238,24130.092,23421.57,-9.228500000000167,23355.018499999995,15316.896499999995,24028.5785,-0.9759453112791416,0.9804927653966375,-0.8567249852509862
U008,6,18,50,55,74,16430.192,16099.759,11718.937,14683.018,15572.7019,-27.536083333333256,15218.604333333336,11581.256583333334,14159.832416666668,-0.7988608834902072,0.9574987223879259,0.7297671991147914
U009,10,22,40,60,74,11882.094,12529.427,7987.23,11260.794,10074.9892,53.94441666666671,13500.426500000001,9066.118333333334,12016.015833333335,-0.8502513650111747,0.6704239375392281,-0.7198990216702825
U010,8,20,50,63,74,14318.215,15921.263,11223.69,15010.158,14698.3309,133.5873333333334,19928.883,12960.325333333334,16479.618666666665,-0.6847574175754807,0.5413574515000961,-0.5479623548845719
U011,6,18,47,64,74,12967.421,11796.113,7135.56,9346.444,8744.5946,-97.60900000000008,8965.451999999997,5476.2069999999985,8370.354,-0.3926340929928267,0.6999139176683984,0.277147388943123
U012,12,24,43,62,74,15788.757,14629.867,9286.927,13959.497,12957.502499999999,-96.57416666666661,12794.957833333334,7452.017833333334,12800.607,-0.6565731289015662,0.7800498977810711,0.11924094010763832
U013,8,20,47,63,74,20079.382,19628.144,10755.932,16088.272,15430.5117,-37.603166666666766,18612.8585,10154.281333333332,15674.637166666667,-0.8855656853104951,0.9079431327422902,-0.3711465509041327
U014,9,21,38,59,74,14225.236,15148.517,10006.111,15625.895,14722.4799,76.94008333333325,16456.498416666665,11621.852749999998,16779.99625,-0.8314102558456608,0.712490417781182,-0.6406479868587095
U015,13,25,51,61,74,17893.054,18036.43,11147.243,12577.71,13816.435199999998,11.948000000000016,18347.078,11266.723,12733.034,-0.9586380796015381,0.9164748295486721,0.8746098004626041
U016,8,20,37,64,74,16986.002,18692.327,13189.55,19317.865,19682.5865,142.19375000000005,21109.620750000002,17028.78125,20739.8025,-0.7661595709428646,0.37352579787429346,-0.4264423320298643
U017,9,21,40,55,74,8883.177,10080.575,6150.558,8494.988,7267.31,99.78316666666676,11976.455166666668,7647.305500000001,10390.868166666667,-0.7544761931320475,0.3615729622978712,-0.6222923680371939
U018,8,20,47,55,74,18332.194,18508.359,11643.378,14748.644,12495.216499999999,14.680416666666739,18904.73025,11760.821333333335,15027.571916666668,-0.9482390229942358,0.9621793001522786,-0.9007827089644704
U019,12,24,40,64,74,20591.766,21479.106,15203.094,19683.527,20844.7927,73.94500000000001,22662.226,16977.773999999998,20422.977,-0.8631004974166456,0.6039043547799958,0.36323788776332716
U020,11,23,43,60,74,11074.533,10930.07,8414.402,10760.299,9229.224699999999,-12.038583333333312,10689.298333333334,8209.746083333333,10591.758833333335,-0.9042911597767807,0.9257203613059458,-0.8899203215241315
U021,11,23,43,60,74,24416.583,24125.715,17308.765,21488.975,19211.5269,-24.23899999999988,23640.935,16896.702,21149.629,-0.9288860854194326,0.9176588062831915,-0.8509972631209475
U022,14,26,33,61,74,20447.022,19129.391,11541.282,18448.812,17971.8338,-109.80258333333343,18360.772916666665,8466.809666666664,17021.378416666666,-0.8987075589803291,0.7645250795620584,0.39970553573226114
U023,6,18,36,64,74,20993.928,21966.342,14612.792,21101.057,21329.8932,81.03450000000005,23424.963000000003,16881.758,21911.402000000002,-0.8579835907493792,0.6502969592024984,-0.41779445513602176
U024,9,21,30,60,74,14388.604,13711.55,10795.054,14067.05,14147.8809,-56.42116666666667,13203.7595,9102.419,13277.153666666665,-0.8258902120901248,0.7457462267543462,0.5243375144200353
U025,14,26,47,64,74,9763.772,11021.73,7943.612,11068.645,10510.932499999999,104.82983333333323,13223.156499999997,9725.719166666666,12116.943333333333,-0.7057298444279494,0.42973172869961196,-0.6050579388045417
U026,9,21,50,57,74,14568.017,14747.296,8125.077,12996.297,13298.5049,14.939916666666704,15180.553583333334,8229.656416666667,13250.275583333334,-0.9421454182120899,0.9785311653617232,0.15958986071067632
U027,13,25,45,61,74,12283.088,12625.979,9321.214,13433.512,13074.714,28.574249999999967,13197.463999999998,9778.402,13804.97725,-0.871511005039644,0.88882420486064,-0.6628341283719178
U028,13,25,51,60,74,13728.802,14109.483,10946.602,13894.033,13600.9995,31.723416666666708,14934.291833333335,11232.11275,14338.160833333333,-0.8286111040307819,0.9031323379580388,-0.6240312314159598
U029,8,20,45,64,74,9502.833,10128.877,5772.587,10089.557,8785.1718,52.170333333333325,11433.135333333334,6763.823333333334,10611.260333333334,-0.8127358883376519,0.7703860964210237,-0.7777897859089044
U030,8,20,48,64,74,23125.675,23234.576,19162.346,21752.956,22768.3108,9.075083333333472,23488.678333333337,19307.547333333336,21843.706833333334,-0.9445244061262303,0.9439509098886616,0.9106215548167643
U031,13,25,43,63,74,32299.71,31572.666,28020.779,31717.118,29456.51429999999,-60.58699999999984,30482.100000000006,26809.039,31050.661,-0.6929615159491295,0.8019974120149634,-0.7051862739143546
U032,7,19,45,64,74,14194.529,14734.227,7458.92,12887.105,13903.242599999998,44.97483333333336,15903.572666666669,8313.441833333334,13336.853333333333,-0.8783705149383736,0.8425768772926246,0.5573942610397118
U033,6,18,35,64,74,17173.549,17835.049,11897.448,17577.951,16901.9179,55.125,18772.174,13496.073,18129.201,-0.8800380345196036,0.7185768584225728,-0.6900535615558688
U034,11,23,41,59,74,19481.028,18654.557,12659.18,17825.885,17916.5028,-68.87258333333314,17414.850500000004,11419.473500000004,16792.79625,-0.7932229282662298,0.8378645869708004,0.5210075105412183
U035,6,18,34,54,74,16113.948,15617.289,9334.779,12579.804,11074.241199999999,-41.38824999999997,14955.077000000001,8507.014000000001,11752.039,-0.8945943579874923,0.8310874992730416,-0.4501956344829996
U036,6,18,47,64,74,14013.143,14311.391,9758.693,14464.105,14083.629700000001,24.853999999999967,15032.157,10181.211,14712.644999999999,-0.8797566993592172,0.910205950084711,-0.7167813811847525
U037,12,24,33,60,74,43645.055,42428.943,37032.393,42456.88,42271.7873,-101.34266666666674,41516.859,34296.140999999996,41038.08266666666,-0.8309875753953911,0.7488983885551526,0.4651097902421927
U038,6,18,47,64,74,14967.378,16037.145,7502.152,16020.824,15188.0397,89.14724999999999,18622.41525,9017.65525,16912.2965,-0.8113703308229484,0.82209630209967,-0.6591877836900021
U039,8,20,39,58,74,16366.876,17674.865,8721.788,16093.521,16335.878099999998,108.99908333333345,19745.847583333336,10792.770583333335,17837.506333333335,-0.8418498728774616,0.7190643525296787,-0.46266390082770936
U040,8,20,50,59,74,25644.632,25831.077,23194.147,24377.296,24158.683899999996,15.537083333333308,26297.1895,23333.980750000002,24610.352249999996,-0.8694053634543752,0.881812223143491,-0.659635056196318
U041,9,21,38,57,74,20141.148,20345.039,16597.468,20437.862,22288.948299999996,16.990916666666635,20633.884583333333,16920.295416666668,20726.707583333333,-0.93321894206567,0.9159389852534227,0.8439588779122116
U042,6,18,37,63,74,20588.907,20628.507,15523.077,19963.454,20754.6577,3.300000000000182,20691.207000000006,15608.877000000004,19999.754000000004,-0.9880133745505008,0.9806773163630015,0.9541205381117366
U043,6,18,43,63,74,14441.812,14376.895,9527.066,12098.422,11662.9668,-5.409749999999955,14241.65125,9418.871000000001,12038.914750000002,-0.9721137075142238,0.9611890753318273,-0.8633447252438398
U044,13,25,41,59,74,13132.679,14418.659,7024.404,14320.51,13300.0774,107.16499999999996,16133.298999999999,8953.374,15927.985,-0.8415822557048137,0.7356165055716023,-0.6204652207807625
U045,6,18,45,64,74,21495.389,21042.502,17754.492,19927.719,18339.8096,-37.740583333333234,20023.506250000002,17037.420916666666,19550.313166666667,-0.6900873932865175,0.8012204877839185,-0.7623253358577422
U046,11,23,51,58,74,42372.505,41505.169,30242.178,38797.932,39420.7103,-72.27799999999964,39481.38500000001,29736.232000000004,37641.484000000004,-0.820315580470588,0.9471190719221848,0.6060707415669374
U047,14,26,31,62,74,14988.632,14416.455,12607.274,14124.22,12645.884699999999,-47.68141666666664,14178.047916666666,11129.150083333334,13552.043,-0.8682237524419428,0.6695596095899117,-0.6129585757710044
U048,12,24,40,61,74,13398.606,13800.369,8180.059,12442.065,12344.4002,33.48025000000007,14336.053000000002,8883.144250000001,12877.308250000002,-0.9199477320935047,0.8350341951653749,-0.5504388105454179
U049,6,18,44,63,74,13493.142,12972.075,7681.9,12210.67,12422.545199999999,-43.42224999999993,11843.096500000003,6856.877250000001,11733.02525,-0.7865895740689113,0.8664755809588426,0.5907649108990355
U050,13,25,44,62,74,8870.27,9281.487,6146.892,9405.668,8724.756000000001,34.26808333333323,9932.58058333333,6763.717499999998,9816.884999999998,-0.853250946547485,0.8107186563298618,-0.7264654976299535
U051,12,24,38,60,74,20452.62,21104.893,13963.036,20941.391,19941.945499999998,54.35608333333342,21865.87816666667,15158.869833333336,21702.37616666667,-0.9121652432131416,0.8286367154818957,-0.6981913270288946
U052,13,25,35,64,74,17273.657,18113.867,12065.721,16728.718,16510.7297,70.01749999999993,18814.041999999998,14096.228499999997,17428.893,-0.9059978014353502,0.5645488298619971,-0.5673494225527509
U053,6,18,35,63,74,17891.637,18357.278,12397.819,18709.609,17619.8537,38.803416666666635,19016.93608333333,13484.314666666665,19136.446583333334,-0.9093723781503442,0.8278625133810431,-0.7803689966508363
U054,12,24,43,61,74,15962.371,16579.358,10545.437,15694.636,15243.1307,51.415583333333416,17556.254083333333,11470.917500000001,16363.038583333335,-0.8777001548565871,0.8202670939693725,-0.6262379515234808
U055,8,20,38,57,74,18548.106,19039.66,15732.742,17761.977,17243.345999999998,40.96283333333334,19776.991,16511.035833333335,18458.345166666666,-0.8457976233797194,0.6164594867852489,-0.635670153757293
U056,6,18,46,64,74,15741.503,15796.3,12815.94,14800.308,14831.256399999998,4.566416666666555,15924.159666666663,12898.135499999999,14845.972166666666,-0.9604893287535811,0.9585784995525034,-0.24371949179586141
U057,6,18,36,54,74,14931.41,14691.995,12004.013,14651.883,14208.4807,-19.95124999999992,14332.872500000001,11644.890500000001,14252.858000000002,-0.8663969848012377,0.893312468528259,-0.10008360353566491
U058,13,25,43,61,74,12691.035,11895.171,7958.713,12381.9,10706.072999999999,-66.32199999999996,10701.375,6764.917,11519.714,-0.696733459368803,0.8247196099007177,-0.485516106376136
U059,14,26,44,62,74,21494.984,22586.012,19610.447,21612.636,21293.7084,90.91899999999987,24222.553999999996,21246.988999999998,22703.663999999997,-0.7380966669755336,0.18262361844960748,-0.5637604340948097
U060,12,24,44,61,74,24885.574,25510.983,19147.091,24526.309,24224.0317,52.117416666666635,26553.33133333333,20033.087083333332,25203.83541666667,-0.8766245612778089,0.8352927724190893,-0.591194051782562
U061,13,25,31,60,74,9954.497,10006.573,7627.747,9754.139,8384.7772,4.339666666666744,10032.611,7753.597333333336,9814.894333333334,-0.9892887496081699,0.9408150833273754,-0.9592484704817356
U062,11,23,40,60,74,26857.857,26273.318,22156.143,25049.2,23593.9625,-48.71158333333339,25445.22108333333,21181.911333333333,24367.237833333333,-0.79886769042689,0.7987756738396431,-0.5313739738931491
U063,13,25,44,60,74,15921.666,15879.198,12331.677,14764.769,13379.920300000002,-3.5389999999999113,15811.957000000002,12275.053000000002,14715.223000000002,-0.9810456372210345,0.9777625925838662,-0.964222806433657
U064,8,20,46,64,74,12879.043,13504.758,9645.698,10969.652,10532.7148,52.14291666666668,14860.473833333333,10584.2705,11491.081166666667,-0.793665999119802,0.29108375366515726,-0.6476343150650589
U065,10,22,44,58,74,27208.725,26982.223,14530.488,25045.05,24092.0029,-18.8751666666664,26566.96933333334,14266.23566666667,24743.047333333336,-0.9666509392733896,0.9760707472561972,-0.683118844108897
U066,6,18,43,64,74,20171.374,20079.712,14490.434,18409.452,19176.9766,-7.638500000000022,19888.749499999998,14330.0255,18333.067000000003,-0.9658341381480754,0.9621663343031039,0.916999404321183
U067,8,20,50,63,74,19347.045,20310.464,14778.812,19775.204,22021.641899999995,80.2849166666668,22719.011500000004,15822.515916666669,20658.338083333336,-0.7672619206943602,0.7911084805462284,0.6068735826913636
U068,8,20,35,64,74,17885.607,18304.578,11806.191,18625.365,17570.417800000003,34.914250000000116,18828.291750000004,12818.704250000004,18974.507500000003,-0.9305954645452784,0.85151966352523,-0.8008578099352719
U069,12,24,43,62,74,21161.413,22046.399,14066.78,21962.053,21413.4417,73.7488333333334,23447.626833333336,15468.007833333335,22847.039,-0.8700409822178935,0.8225231941525855,-0.618307437994572
U070,6,18,34,54,74,44849.492,44356.046,40730.279,43585.721,40437.3255,-41.12049999999969,43698.11800000001,39907.869000000006,42763.311,-0.8185410149080201,0.817252862166692,-0.7387844062158021
U071,8,20,48,56,74,19429.589,19611.029,13501.67,17892.446,20463.6895,15.11999999999989,20034.388999999996,13622.63,18164.606,-0.9391381265221402,0.9724513388977258,0.8941523819117093
U072,7,19,34,64,74,37125.205,37640.486,28853.175,41600.763,42914.7788,42.94008333333295,38284.58724999999,30141.377499999988,42030.163833333325,-0.9360726130732698,0.8989453926499673,0.6732148629161647
U073,14,26,46,53,74,15853.977,15790.94,13136.718,15168.239,14028.7081,-5.253083333333355,15685.878333333334,13099.946416666668,15057.92425,-0.9604171517428962,0.9825318468122707,-0.9031928401415007
U074,8,20,51,56,74,31231.967,31809.355,24445.333,28313.173,31704.3722,48.115666666666584,33300.94066666666,24685.91133333333,29179.254999999997,-0.8558463518931707,0.9378003398968595,0.7446089277209084
U075,11,23,37,60,74,18220.811,18085.975,14532.037,17605.011,17314.3204,-11.236333333333581,17928.666333333327,14273.601333333329,17447.702333333327,-0.955736800510681,0.9280092475664677,-0.4588450171189836
U076,6,18,46,62,74,17460.043,17716.931,13538.58,16466.492,16731.972500000003,21.407333333333252,18316.336333333333,13881.097333333331,16723.379999999997,-0.8885275596140096,0.8830165205329492,0.03236584231235796
U077,8,20,37,52,74,15582.154,16732.357,11749.173,14411.063,12785.9124,95.85024999999996,18361.81125,13186.92675,16519.7685,-0.802300902349737,0.45987484456532757,-0.6390786020980935
U078,6,18,34,52,74,15181.337,15720.035,12038.163,15981.628,14097.7413,44.89150000000003,16438.299,12846.210000000001,16969.241,-0.8596702094404503,0.7950921334410219,-0.7440828820573184
U079,6,18,47,64,74,29870.171,29966.201,20053.131,23344.53,23266.409000000003,8.002500000000206,30198.273500000007,20189.173500000004,23424.555,-0.9776363407715841,0.9586672718804364,-0.664001914590769
U080,10,22,51,57,74,19170.201,20703.396,13321.136,17022.52,16483.298499999997,127.76624999999997,24408.61725,14087.7335,19194.54625,-0.749523709410096,0.7928889572116808,-0.5552110633153089
U081,12,24,44,61,74,20209.856,19417.3,11611.002,19977.479,18746.613400000002,-66.04633333333338,18096.373333333333,10488.214333333333,19118.876666666667,-0.8307870559557595,0.8941969346363005,-0.3024402230971975
U082,7,19,37,56,74,24189.503,24916.64,18846.247,23403.507,22888.748700000004,60.5947499999999,26007.345499999996,19997.547249999996,24494.2125,-0.8678221756115393,0.747370075440068,-0.5954610491262544
U083,8,20,40,56,74,18226.875,18686.002,8741.181,17810.94,16419.488,38.260583333333365,19451.213666666667,9353.350333333334,18499.6305,-0.9333163073099998,0.932504344014727,-0.7512704811016045
U084,13,25,44,62,74,15402.372,16040.015,12450.106,15763.648,15613.7585,53.13691666666667,17049.616416666668,13406.5705,16401.290999999997,-0.8200069018651228,0.7113468004932485,-0.5525863305957757
U085,6,18,46,64,74,17647.901,17298.093,13714.971,17494.233,16756.4125,-29.15066666666674,16481.874333333333,13190.258999999998,17202.726333333332,-0.7722046118812959,0.8913344127160058,-0.6049084205891984
U086,6,18,34,63,74,10040.743,10035.647,6362.019,8660.657,7889.555,-0.42466666666662906,10028.852333333334,6349.703666666668,8655.985666666666,-0.998150420601469,0.9946991350978784,-0.9939420033493187
U087,6,18,45,63,74,25465.999,25729.298,17853.563,26571.252,24979.872600000002,21.941583333333256,26321.720749999997,18248.511499999997,26812.609416666666,-0.934615364876456,0.9546957341561509,-0.8836323765874542
U088,14,26,51,63,74,16186.484,16413.132,13130.876,17367.745,17856.3356,18.88733333333342,16885.315333333336,13357.524000000001,17575.505666666668,-0.8882835373365084,0.9465057805657902,0.5747755551034567
U089,10,22,48,56,74,18356.579,19355.078,16361.673,18987.597,17362.8839,83.20824999999998,21518.4925,17027.339,20485.345500000003,-0.7044610185958537,0.7465021836123212,-0.6758267551512429
U090,11,23,42,61,74,16858.217,18015.954,9099.33,14772.699,13469.703700000002,96.47808333333342,19849.03758333334,10932.413583333335,16026.914083333335,-0.8543182065844505,0.6768968168061456,-0.6709328060322206
U091,10,22,39,58,74,34065.425,35019.684,30062.115,33799.35,33567.2752,79.52158333333318,36371.55091666667,31573.025083333334,35071.69533333333,-0.8235460800759802,0.5957144564542145,-0.5417886931370177
U092,13,25,35,64,74,26246.803,25240.03,16274.359,23653.688,23511.339500000002,-83.89775000000009,24401.052499999998,13841.324249999998,22814.710499999997,-0.9064233452242447,0.8013102840221981,0.4536507236717232
U093,12,24,44,60,74,13087.602,13892.249,12067.432,13259.46,12642.6047,67.05391666666658,15233.32733333333,13140.294666666667,14198.214833333332,-0.7024437166669343,0.09996856897097435,-0.6236497682262455
U094,6,18,47,53,74,12653.853,11643.367,7315.409,11923.136,10698.3804,-84.20716666666658,9201.359166666669,6810.166,10154.785500000002,-0.43575981251820584,0.9100705153044216,0.23512445406366386
U095,11,23,37,57,74,13822.002,14282.008,9679.566,13422.756,13159.6263,38.33383333333328,14818.681666666665,10446.242666666667,14074.431166666665,-0.9054451046104132,0.7951809374713369,-0.5839875690723241
U096,13,25,42,60,74,17864.147,17543.506,12042.301,18597.682,17460.5208,-26.720083333333303,17089.264583333334,11561.3395,18223.600833333334,-0.9174287421271036,0.936019416003397,-0.6710394562647177
U097,6,18,35,64,74,17617.498,17237.415,9933.825,15773.926,15658.394899999996,-31.673583333333227,16698.964083333336,9015.291083333337,15457.190166666667,-0.9262758565764693,0.8803551235347982,0.38847069776409504
U098,12,24,41,60,74,18327.14,20071.278,9573.329,19174.888,17433.966200000003,145.34483333333324,22542.140166666664,12334.88083333333,21209.715666666663,-0.8399666810739951,0.7123850581626034,-0.6498062722558929
U099,8,20,38,57,74,14200.995,14093.472,10063.481,13248.305,13038.137399999998,-8.960250000000087,13932.187499999998,9893.236249999998,13095.980749999999,-0.9599789428810135,0.9517079119346403,-0.2752248681528472
U100,13,25,48,63,74,15765.56,15741.923,12114.888,15836.375,15550.342399999998,-1.9697499999999006,15696.618750000003,12085.341750000003,15814.707750000001,-0.98750928788942,0.9921847298806975,-0.9242490191677507
U101,9,21,43,58,74,16214.151,16864.996,11690.169,13818.729,12316.322600000003,54.23708333333328,18058.21183333333,12503.72525,14686.522333333332,-0.8421934910660378,0.617790313639268,-0.7319965437027081
U102,7,19,41,57,74,30095.877,31008.175,26755.939,29145.795,27821.279599999998,76.02483333333323,32680.72133333333,27972.33633333333,30438.21716666666,-0.7798507334990467,0.49101647407486865,-0.6694031107839042
U103,6,18,36,64,74,32534.157,33022.436,23111.69,31118.629,31629.862899999996,40.68991666666685,33754.8545,24251.007666666672,31525.52816666667,-0.9356148603548495,0.8577087115729652,0.20408414491552057
U104,11,23,41,59,74,12419.327,12121.591,9689.387,12461.017,12520.256399999998,-24.81133333333325,11674.987000000001,9242.783000000003,12088.847000000002,-0.8163788892708015,0.8781381332544581,0.5368597054628322
U105,7,19,33,64,74,17915.221,18375.637,11826.148,18314.058,17004.3466,38.36799999999979,18912.788999999997,13015.555999999993,18697.737999999998,-0.9295426830188073,0.8166731659347936,-0.8152783770456817
U106,13,25,45,63,74,17144.06,16848.873,11271.998,17344.404,16649.460700000003,-24.59891666666681,16356.894666666663,10829.217499999997,17073.815916666663,-0.9117824349060475,0.9363635240006165,-0.6106328626618349
U107,6,18,36,58,74,23570.195,22923.76,13550.298,22261.964,22966.325,-53.869583333333445,21954.1075,12365.167166666664,21400.050666666666,-0.8965534292452457,0.8930573390315395,0.6450384189140791
U108,6,18,48,64,74,16312.788,17666.036,12176.921,18158.228,16707.487699999998,112.77066666666663,21049.156,13981.251666666667,19285.934666666664,-0.7239476131046387,0.6983383954933818,-0.6957204751243945
U109,10,22,45,62,74,29905.367,30868.78,19447.345,28944.729,29159.4124,80.2844166666667,32715.321583333334,20812.180083333336,29908.142,-0.8778299405266077,0.8562935769119859,-0.4373056309678873
U110,7,19,32,63,74,27086.072,26880.59,18507.313,26968.176,27287.469699999998,-17.123499999999996,26657.9845,17976.4845,26779.8175,-0.9734147693907652,0.944255459689242,0.7293741317482623
U111,11,23,32,62,74,20804.8,21308.014,16451.27,20454.406,20530.7078,41.93449999999999,21685.4245,17709.305,20957.62,-0.9327441631701671,0.6857376316967497,-0.4589830928319183
U112,9,21,36,57,74,15570.591,15407.552,11174.861,15397.316,15419.358400000001,-13.586583333333389,15203.753249999998,10889.54275,15166.344083333333,-0.9518512572734457,0.9404730224741171,0.5227717220882386
U113,8,20,38,56,74,31092.83,31640.767,17437.101,30700.054,30349.344099999995,45.661416666666504,32462.672499999997,18259.006499999996,31521.959499999997,-0.9481365077860661,0.9380299771853223,-0.5879183316655157
U114,12,24,43,63,74,11842.519,12694.162,9436.202,13131.628,11450.481899999999,70.97025000000001,14042.59675,10855.607,13912.30075,-0.773556111052382,0.6159021990969377,-0.7592367702664212
U115,8,20,39,55,74,21171.612,21459.398,17975.008,20807.743,20766.7866,23.98216666666667,21915.059166666666,18358.72266666667,21263.404166666667,-0.8963396300501014,0.8645426887207356,-0.5215044180691908
U116,10,22,48,60,74,10077.216,11213.972,8038.102,10428.861,10840.6315,94.72966666666662,13676.943333333333,9174.858,11755.076333333334,-0.6959974965273203,0.5245208739149367,-0.40811402234802713
U117,14,26,44,64,74,15288.814,14718.421,9225.931,15223.848,14447.9359,-47.53275,13862.8315,8275.276,14748.5205,-0.8442255698235227,0.8796521482418469,-0.387395170148784
U118,7,19,38,55,74,10502.818,9934.417,5454.921,9365.414,8721.2194,-47.36674999999999,9034.44875,4649.686250000001,8465.44575,-0.7990916277188327,0.8541495708402295,0.22130689386618188
U119,7,19,38,57,74,7998.014,7629.18,3982.585,7646.773,6567.207899999999,-30.73616666666665,7045.192833333334,3398.5978333333337,7124.258166666667,-0.8398541196193529,0.8791457889073402,-0.5159950675199371
U120,13,25,42,60,74,25918.909,25879.882,22030.757,24985.472,24422.1349,-3.252249999999852,25824.593750000004,21972.216500000002,24939.940500000004,-0.9856361510732965,0.9809425821245945,-0.9191753924959012
U121,12,24,50,57,74,17901.074,18481.61,14312.927,17762.352,16587.9112,48.37800000000001,19739.438000000002,14651.573,18584.778,-0.8118246246936308,0.9018253766932168,-0.7082864184947375
U122,6,18,38,63,74,31103.643,31276.754,19863.754,31331.703,30874.883699999995,14.425916666666732,31565.272333333334,20224.40191666667,31490.388083333335,-0.9759368264372836,0.9685516637136538,-0.7950306867173441
U123,10,22,39,58,74,24904.137,25564.366,14242.623,24666.873,24057.8911,55.01908333333358,26499.69041666667,15287.985583333339,25547.178333333337,-0.9291012252756641,0.8997181971524725,-0.6284992847645237
U124,6,18,46,63,74,16366.249,15751.439,12266.956,15733.518,14877.6149,-51.234166666666624,14316.882333333335,11395.975166666667,15169.942166666668,-0.5883014304656773,0.8327777909684069,-0.34154247912721347
U125,8,20,40,58,74,19926.437,19364.733,11499.154,17832.575,18580.3315,-46.808666666666795,18428.559666666664,10656.597999999998,17083.636333333332,-0.8809784590132098,0.8949239218694989,0.6664911903491535
U126,7,19,34,64,74,16119.491,16804.627,11241.947,16982.196,16207.924200000003,57.094666666666704,17661.047000000002,12954.787,17553.142666666667,-0.8822874516185782,0.7016087629648121,-0.7020368147115499
U127,6,18,46,64,74,10478.488,11061.671,6975.649,11002.265,9858.161199999999,48.59858333333341,12422.431333333336,7850.423500000002,11488.250833333334,-0.8001099075006408,0.7827519435675014,-0.7703362469870324
U128,7,19,50,56,74,12806.966,12842.587,6541.794,10357.264,9543.172900000001,2.9684166666665988,12934.607916666664,6559.6044999999995,10410.695499999998,-0.9858098287725604,0.99533202986788,-0.9419824505911869
U129,9,21,50,56,74,33939.777,33419.356,24252.4,30924.987,30847.072799999994,-43.36841666666684,32161.671916666663,23992.1895,30144.355499999998,-0.8628024304541947,0.9638245223695009,0.4737370603596381
U130,13,25,37,61,74,20826.016,21560.602,14007.802,20139.504,18998.279899999998,61.21549999999994,22295.188,15476.973999999998,20935.3055,-0.9185781113042693,0.7603973578624665,-0.708799177232984
U131,7,19,50,54,74,11425.072,11827.855,8321.519,9393.605,9451.3227,33.565249999999956,12868.377749999998,8455.78,10064.909999999998,-0.8137727395202925,0.8747665765619544,-0.4775398685166059
U132,10,22,41,59,74,25239.207,24989.181,13205.526,24602.951,24093.9184,-20.835499999999836,24593.306500000002,12830.487000000003,24290.418500000003,-0.9664047784834164,0.9691262475917892,-0.3860265531127159
U133,8,20,39,56,74,21587.335,23110.468,16980.751,21505.059,21669.829299999998,126.92775000000013,25522.095250000002,19138.522750000004,23789.758500000004,-0.7798198187587724,0.5230714288240317,-0.4812957786884515
U134,6,18,36,62,74,20595.047,21107.031,17496.352,20013.572,19694.731600000003,42.665333333333365,21875.006999999998,18605.65066666667,20525.556,-0.8507808311884029,0.5593159649666423,-0.6187214795498739
U135,6,18,35,64,74,16734.898,17542.545,9886.193,16476.374,17370.769999999997,67.30391666666644,18686.711583333326,11838.006583333326,17149.413166666665,-0.8849469275137606,0.703830049078572,0.2474930940358993
U136,7,19,48,53,74,12877.819,14688.266,7787.694,11600.194,10324.641,150.87058333333334,19063.512916666667,8542.046916666666,14768.47625,-0.7204505454607218,0.8021369398907106,-0.5837843740588607
U137,8,20,47,57,74,25118.748,26015.421,16410.126,23912.915,23580.615400000002,74.7227499999999,28032.935249999995,17157.353499999997,25183.20175,-0.8520919060314077,0.9004067020943816,-0.5578340198876168
U138,7,19,35,63,74,49619.576,49776.54,42051.499,49680.333,50329.1736,13.080333333333328,49985.825333333334,42417.74833333334,49824.21666666667,-0.9743006737182744,0.9519914401947488,0.7782449700794498
U139,7,19,51,61,74,37896.735,38689.217,29869.703,36269.98,37067.4668,66.04016666666637,40802.50233333332,30530.104666666666,37128.502166666665,-0.8380138265748904,0.8968167054852993,-0.06637471224384929
U140,6,18,36,63,74,10374.411,10015.938,5839.727,10768.702,9849.0132,-29.872749999999996,9478.228500000001,5033.1627499999995,10440.10175,-0.8712446521499994,0.8767117869657671,-0.6427049562852135
U141,11,23,44,59,74,29101.464,31125.979,24018.042,30069.224,30220.206700000002,168.70958333333328,34668.88025,26548.68575,32599.867749999998,-0.7503898637846635,0.5817934826617345,-0.4846259340153381
U142,8,20,36,62,74,15023.091,15196.838,9199.033,14461.145,14649.191299999997,14.478916666666615,15428.500666666665,9575.484833333332,14634.892,-0.964145179757247,0.9284599352249947,0.07604137917096601
U143,7,19,41,61,74,28248.774,28181.035,21660.646,27986.7,29363.0414,-5.644916666666783,28056.84683333333,21547.747666666666,27913.31608333333,-0.9809538715149249,0.9827684819027213,0.9518196626606562
U144,6,18,37,54,74,11297.863,11148.393,4325.838,10427.84,9329.3875,-12.45583333333328,10911.732166666668,4114.088833333334,10178.723333333335,-0.9653119933319216,0.9675505086429901,-0.7732112524968853
U145,10,22,39,59,74,15229.736,15748.132,12867.069,14249.518,13301.7847,43.199666666666566,16482.52633333333,13731.062333333331,14897.512999999999,-0.831167959367197,0.375026975075875,-0.7111965633195503
U146,12,24,50,59,74,11907.781,11607.678,9457.34,11588.587,10833.2436,-25.008583333333416,10957.454833333331,9232.26275,11213.458249999998,-0.6976181573935499,0.9128081199302006,-0.5033666144431767
U147,6,18,45,64,74,23067.163,22156.842,16763.906,21027.18,21321.017,-75.86008333333332,20108.61975,15322.564416666666,20268.579166666666,-0.62020275226704,0.7982997169285208,0.581123889127344
U148,10,22,50,56,74,35331.245,36599.111,29604.447,33852.864,33239.8485,105.65549999999955,39557.46499999998,30238.379999999997,35754.66299999999,-0.7708722202411957,0.8507837154403636,-0.5693988165366975
U149,8,20,47,63,74,13330.601,13068.1,7958.289,14134.72,12907.9896,-21.87508333333335,12477.47275,7608.287666666666,13894.094083333333,-0.8844130927738816,0.9491013292209949,-0.8038477593229398
U150,6,18,48,64,74,21989.904,22388.673,10145.759,20571.482,19776.5974,33.23075000000002,23385.5955,10677.451000000001,20903.7895,-0.929975460004626,0.9490019061507772,-0.7723140862799831
U151,8,20,37,55,74,13803.909,14535.489,8244.466,14670.248,13282.395799999998,60.964999999999996,15571.894,9341.836,15828.582999999999,-0.8760849242207489,0.8292238983519828,-0.687318650702107
U152,8,20,35,58,74,20409.003,20979.868,17982.364,20614.248,19765.4932,47.57208333333316,21693.449249999998,19076.521916666665,21375.40133333333,-0.8387265458311943,0.5842681832988597,-0.6789820322948468
U153,13,25,43,63,74,23068.506,23086.327,19011.415,22953.258,23120.2801,1.485083333333326,23113.0585,19041.11666666667,22969.59391666667,-0.993524934144791,0.9924650305284437,0.9021930830311254
U154,10,22,39,60,74,17470.606,17759.148,11258.015,18133.17,17594.987799999995,24.045166666666773,18167.915833333336,11762.963500000002,18469.802333333333,-0.9441472415338198,0.9265546013144428,-0.7221237327068356
U155,10,22,39,58,74,17323.199,18334.739,12437.062,14490.622,14334.206900000001,84.29500000000007,19767.754,14038.667000000001,15839.342,-0.8364830088454578,0.22008365959601775,-0.5274041768974183
U156,6,18,45,62,74,10405.229,9954.127,8067.05,9823.442,9314.497800000001,-37.59183333333325,8939.147500000003,7427.988833333335,9372.34,-0.4621419793680928,0.7894024886794078,-0.11365135902914181
U157,7,19,49,54,74,24421.58,24521.862,18329.959,22712.611,23121.557699999998,8.35683333333327,24772.567,18371.743166666667,22879.747666666666,-0.9625439599194004,0.9904660085567669,0.5912996322829681
U158,6,18,48,63,74,16616.1,18699.231,8842.726,16326.943,15975.036699999997,173.5942500000001,23907.058500000003,11446.639750000002,18236.47975,-0.743104459514921,0.6520793357541608,-0.5421850880217643
U159,6,18,41,61,74,14514.265,15460.073,11206.668,13268.909,11844.403400000001,78.81733333333341,17272.87166666667,12783.014666666668,14293.534333333333,-0.7699202779776643,0.23561471880994114,-0.7050382195304279
U160,6,18,35,63,74,39269.651,39761.837,27154.142,30757.853,28493.1187,41.015500000000124,40459.1005,28302.576000000005,31209.0235,-0.9502033677226371,0.6813190624886388,-0.8575434881513553
U161,13,25,32,64,74,29072.419,28980.719,17188.487,26671.682,26284.729099999997,-7.641666666666727,28927.227333333332,16943.953666666665,26595.265333333333,-0.9954638217203776,0.9754786485245655,-0.8025168782384959
U162,8,20,40,62,74,40723.15,41881.886,32898.15,40503.61,40516.1101,96.5613333333331,43813.11266666666,35022.499333333326,41662.346,-0.8496654053155273,0.7206810195131754,-0.4972884485055984
U163,14,26,47,62,74,10473.873,11164.804,8947.758,11310.852,9237.3122,57.57758333333337,12373.933250000002,9811.421750000001,12001.783000000001,-0.7391478272894476,0.6345199344588065,-0.8000432250744327
U164,11,23,33,60,74,17648.429,18615.412,11648.466,17511.906,18003.553900000003,80.58191666666669,19421.23116666667,13824.17775,18640.05283333333,-0.9060661834918915,0.6289359573902008,-0.3606950161649992
U165,11,23,39,64,74,17597.457,18532.889,16063.231,17400.295,17415.623700000004,77.95266666666673,19780.131666666668,18012.04766666667,18179.821666666667,-0.7487496667770133,-0.2389127522160446,-0.4950351572848499
U166,6,18,50,64,74,18255.099,18443.594,11090.661,18095.824,18201.3865,15.707916666666884,18946.24733333334,11310.571833333337,18252.90316666667,-0.9398613400213971,0.9686073210097557,-0.24696881928770573
U167,6,18,41,61,74,26072.771,25951.922,15830.591,25843.924,25496.971899999997,-10.070750000000166,25720.294749999994,15629.175999999998,25713.004249999998,-0.9771149417008489,0.9806632250282563,-0.6226575656985501
U168,6,18,48,55,74,15056.483,15463.348,12549.091,14350.653,13243.588500000002,33.905416666666646,16480.5105,12786.428916666668,14994.855916666667,-0.7944537445272201,0.8682599229631468,-0.731074558635736
U169,6,18,37,64,74,19338.302,19576.226,13034.395,18604.925,19486.9177,19.826999999999924,19952.939,13569.723999999998,18803.195,-0.9483619288532261,0.9038998084562873,0.775202221061467
U170,9,21,49,64,74,30598.838,30934.87,23989.541,31193.399,33741.973,28.002666666666602,31718.944666666663,24409.581,31473.425666666666,-0.9079019601663013,0.9416923542912704,0.890124176631063
U171,7,19,40,58,74,15609.493,16240.057,14230.646,15298.171,15732.286900000001,52.547000000000025,17343.544,15176.492000000002,16138.923,-0.7382859961791913,0.1139823423339016,-0.32599004271405163
U172,11,23,43,59,74,24772.442,25388.309,14649.127,17433.333,17963.273699999998,51.32225000000017,26414.754000000004,15470.283000000003,18203.16675,-0.9197592852823215,0.7050663636239548,-0.23758213607879028
U173,9,21,37,56,74,24549.706,25090.71,14853.097,23678.116,23346.472400000002,45.08366666666674,25812.048666666666,15709.686666666668,24489.622000000003,-0.9382430876218801,0.9029362240844276,-0.5848342797575182
U174,10,22,40,60,74,18993.879,19448.986,11297.084,19785.266,19022.004200000003,37.92558333333333,20131.646500000003,12055.595666666668,20316.224166666667,-0.9282710408277707,0.9106390901294685,-0.7090924129706858
U175,13,25,44,61,74,16308.637,16066.905,14066.882,15516.028,15364.4614,-20.144333333333332,15684.162666666667,13724.428333333333,15254.151666666667,-0.8086310340764414,0.839529002711585,0.2963832964551244
U176,13,25,36,62,74,39227.104,38441.669,29897.633,37611.93,37499.52680000001,-65.45291666666647,37721.68691666667,28195.857166666672,36826.495,-0.9157327891252648,0.8469329917724493,0.4614652866969638
U177,10,22,50,60,74,33689.257,34885.404,22518.032,26972.723,27399.994599999998,99.67891666666704,37676.41366666668,23514.82116666667,28368.22783333334,-0.8445067236634611,0.7762383144719424,-0.4096195119871023
U178,7,19,48,54,74,26815.397,27922.105,24239.858,26852.473,24545.749,92.22566666666656,30596.64933333333,24793.212,28696.986333333334,-0.7038594918795142,0.7881991797490258,-0.6923632359184162
U179,14,26,50,63,74,25147.565,25294.209,20000.668,25517.557,25969.8971,12.220333333333352,25587.497,20159.532333333336,25651.980666666666,-0.9501220809041724,0.9712040004188348,0.7028261110021721
U180,7,19,45,63,74,16433.664,16255.206,13224.133,18319.761,18629.623900000002,-14.871500000000045,15868.546999999999,12956.446,18156.174499999997,-0.8724349430053313,0.9524619241832981,0.7432067800260556
U181,7,19,38,54,74,18533.451,18679.394,11751.038,14312.128,12116.8496,12.161916666666608,18910.470416666667,11945.628666666666,14555.366333333333,-0.9687333549180748,0.9240203715345165,-0.9092988258485254
U182,6,18,36,64,74,26006.998,26784.837,21204.666,25237.025,24979.9868,64.81991666666666,27951.5955,23019.623666666666,25885.224166666667,-0.8525645059547458,0.5499017655256724,-0.5827321214882385
U183,14,26,43,62,74,20943.734,20996.709,16679.362,19783.84,18842.314300000002,4.414583333333212,21071.756916666665,16763.239083333334,19836.815,-0.9832011467261081,0.9729819044189287,-0.9494260344177924
U184,7,19,47,64,74,20846.494,20184.064,13633.454,18526.3,19764.5654,-55.20250000000002,18638.393999999997,12695.011499999999,17974.274999999998,-0.7640418220593194,0.8613766928109845,0.7643250776560659
U185,12,24,43,61,74,13041.724,13264.042,9846.196,13608.287,12608.447499999998,18.526499999999942,13616.045499999998,10179.672999999999,13849.1315,-0.9146006662537458,0.911358603500022,-0.8374351219028192
U186,7,19,47,63,74,16993.575,17116.321,12402.745,17162.131,16586.1624,10.228833333333265,17402.728333333333,12566.406333333332,17274.648166666666,-0.9458217616909635,0.9656129313038843,-0.859529644668802
U187,12,24,42,62,74,15122.32,15196.525,10138.034,14242.702,14027.971599999999,6.183749999999994,15307.8325,10261.708999999999,14316.907,-0.9789234489896622,0.96986967033631,-0.7956575473288021
U188,8,20,39,57,74,37785.424,38114.294,33176.034,36888.347,35525.5881,27.40583333333355,38635.00483333334,33669.33900000001,37354.24616666667,-0.9129199742795666,0.8671165389340804,-0.7969546543017144
U189,7,19,38,64,74,32056.093,34323.263,18228.444,24083.305,26829.732,188.9308333333332,37912.94883333333,23140.645666666664,25972.61333333333,-0.8457653851536722,0.16100456241972894,0.31208499867889045
U190,10,22,40,60,74,20612.01,21966.822,18893.61,21411.037,21162.507999999994,112.90100000000014,23999.04,21151.630000000005,22991.651,-0.7152818407408154,0.10304449741740104,-0.5364437993675217
U191,12,24,34,64,74,25541.451,25757.064,19468.117,24177.544,25608.647399999998,17.967749999999796,25936.741499999996,20007.149499999992,24357.2215,-0.9729739262747092,0.8855418079524338,0.8744482753657085
U192,7,19,37,56,74,11457.346,11941.191,6613.459,9255.842,8321.7149,40.320416666666766,12666.958500000002,7379.546916666668,9981.609500000002,-0.8929430718689791,0.7100768826219863,-0.6957794232469046
U193,6,18,47,64,74,23587.571,23580.855,19650.747,23655.501,22633.9033,-0.5596666666666957,23564.624666666667,19641.232666666667,23649.904333333332,-0.9958702576790935,0.9976354753421078,-0.9945216530277348
U194,12,24,43,61,74,15173.745,14322.771,10699.503,14372.168,15144.826500000001,-70.91450000000002,12975.3955,9423.042000000001,13450.279499999999,-0.6281325311845549,0.7949653582866966,0.6476547960001308
U195,7,19,47,57,74,15595.116,16321.438,10329.805,16576.403,15181.347999999998,60.52683333333334,18016.189333333336,10935.073333333334,17605.359166666665,-0.8193447580813509,0.9031043244125309,-0.7020081375419904
U196,6,18,36,63,74,32484.92,32719.508,20779.504,25463.229,25247.399100000002,19.54900000000028,33071.39000000001,21307.32700000001,25678.268000000004,-0.9721695304754085,0.8873070045743489,-0.66707482599299
U197,6,18,33,58,74,15012.988,15356.58,11442.594,14623.598,15579.998499999998,28.63266666666671,15786.07,12158.410666666667,15081.720666666668,-0.9100161199556,0.7749714660318984,0.5209928616027815
U198,14,26,44,63,74,18420.932,18191.486,14504.567,17178.698,15971.367699999999,-19.120499999999993,17847.317000000003,14141.2775,16968.3725,-0.9066513259445087,0.8931724551637749,-0.8257929085354697
U199,11,23,40,60,74,21158.921,21083.843,15342.846,19968.203,20789.802900000002,-6.256499999999808,20977.482500000006,15217.716000000004,19880.612000000005,-0.9814735140952007,0.9743355558896452,0.9121262133672399
U200,7,19,44,64,74,16851.001,16971.196,12347.138,16627.651,17962.275500000003,10.016249999999976,17221.60225,12547.463,16727.8135,-0.9511390092686245,0.9532007028129575,0.9249508007683072
U201,6,18,39,60,74,31004.352,30616.839,22834.426,30326.247,29941.0858,-32.29274999999992,29938.691250000003,22156.278250000003,29874.1485,-0.9128615058080319,0.9233568240201181,0.12896470725140968
U202,6,18,46,62,74,18484.828,19658.769,15129.509,18824.347,18365.6249,97.82841666666657,22397.964666666663,16694.763666666666,19998.288,-0.7262898580865829,0.5763671731570734,-0.5817219108316707
U203,11,23,37,63,74,8144.734,8753.802,5383.738,9014.496,9557.834299999999,50.755666666666606,9464.381333333333,6703.385333333332,9572.808333333332,-0.8516914402085815,0.6365366864623497,-0.026119639684437843
U204,6,18,38,64,74,36774.517,36365.4,21785.276,32734.321,32976.3684,-34.0930833333332,35683.53833333334,20898.85583333334,32393.390166666668,-0.9532334795872337,0.930323207335936,0.6309909214730802
U205,6,18,36,64,74,15339.645,15602.952,10463.045,17137.845,16959.079299999998,21.942249999999905,15997.912499999999,11077.427999999998,17357.2675,-0.9333942738305395,0.9079548450889917,-0.6447236098726934
U206,9,21,49,58,74,31124.69,31030.821,21076.745,26391.287,26022.1193,-7.822416666666565,30811.793333333335,21006.343249999998,26266.128333333334,-0.9779961830041618,0.987094905354757,-0.6609707006689219
U207,8,20,39,57,74,26854.795,27107.351,21850.444,25269.427,27956.5124,21.046333333333376,27507.231333333333,22229.278,25627.214666666667,-0.9339768408403674,0.8891968752111377,0.8668491642778949
U208,14,26,34,62,74,18693.17,18631.615,11374.375,19131.445,18291.719800000003,-5.129583333333055,18590.57833333334,11230.746666666675,19069.890000000003,-0.9943454168986194,0.9821453877639655,-0.9266962572994155
U209,10,22,34,59,74,33502.155,33253.207,27573.401,32570.533,33035.2114,-20.74566666666639,33004.259000000005,27054.759333333343,32259.348000000005,-0.9561696297373543,0.9140527063489066,0.7137339974926624
U210,12,24,44,63,74,37467.24,37577.296,30720.999,35118.679,35933.6602,9.171333333333678,37760.722666666676,30895.254333333338,35219.56366666667,-0.9746057248981518,0.9603756222978165,0.8762122774529375
U211,6,18,40,64,74,11034.855,10589.179,8157.421,11678.235,11129.2772,-37.13966666666662,9772.106333333335,7266.069000000001,11306.838333333335,-0.6639991863225432,0.8319319364995086,-0.3234513351178077
U212,7,19,46,63,74,11083.911,12741.275,8348.957,12665.984,12292.622299999999,138.11366666666663,16470.343999999997,10696.889333333333,14185.234333333334,-0.6853227420109403,0.4561228518298977,-0.5547152346541999
U213,8,20,40,59,74,27140.643,27180.248,24735.746,26254.049,26080.850800000004,3.30041666666663,27246.25633333333,24798.453916666665,26303.555249999998,-0.9743808053140446,0.9586986809176651,-0.8181326083067273
U214,9,21,47,64,74,16867.022,17708.818,12429.89,17341.179,16804.1285,70.14966666666653,19532.70933333333,13622.43433333333,18042.675666666666,-0.7956815896202456,0.7571830260175422,-0.6384119499705465
U215,6,18,37,64,74,18284.06,17800.246,10251.968,17703.954,17322.6731,-40.31783333333351,17034.207166666663,9163.386499999997,17300.77566666667,-0.8985147561691109,0.8869493555453339,0.051514188882245085
U216,6,18,39,58,74,16140.082,17145.844,10819.918,15081.529,11960.587300000001,83.81350000000005,18905.9275,12412.3745,16422.545000000002,-0.8212404148528761,0.6263252324062426,-0.7689088268657842
U217,13,25,46,63,74,29079.12,30198.903,19347.438,29740.69,29043.375699999997,93.31524999999995,32158.52325,20933.797249999996,30767.15775,-0.8673306261505248,0.8473664210201006,-0.6267729025923393
U218,7,19,45,64,74,16134.514,16186.232,12462.111,16053.589,15458.841199999999,4.309833333333397,16298.287666666669,12543.997833333335,16096.687333333333,-0.9716187758960819,0.977199683992681,-0.9367080056552826
U219,7,19,34,62,74,17622.671,18072.366,13706.464,15368.04,15569.189299999998,37.47458333333361,18634.484750000007,14755.752333333341,15817.735000000004,-0.897613029687132,0.36849814072101394,-0.35595991468272
U220,11,23,44,62,74,16415.768,15074.778,9244.683,13233.405,11439.2624,-111.74916666666665,12728.0455,7233.198000000001,11892.415,-0.5974795436438,0.7489313118876761,-0.2525733461766088
U221,6,18,35,59,74,15747.615,16264.008,9328.707,16661.086,15214.341199999999,43.03275,16995.56475,10361.493,17306.57725,-0.9128934693566266,0.8591472153853477,-0.7642236865592861
U222,12,24,43,61,74,13450.423,14846.995,8800.628,15950.625,14148.7459,116.38100000000001,17058.234,10895.486,17463.578,-0.7887790869002264,0.7070127442011513,-0.6866155040745289
U223,6,18,35,55,74,11099.78,11596.932,8894.713,11534.213,9604.9244,41.42933333333334,12301.230666666668,9723.299666666666,12321.370333333332,-0.8286718234147977,0.6860819599671657,-0.7753292044158198
U224,11,23,40,61,74,18536.041,18232.384,12982.149,19263.817,19942.4016,-25.30475000000024,17802.203249999995,12450.749249999993,18934.855249999997,-0.918064477113881,0.9276462520938373,0.7538647539809145
U225,13,25,46,57,74,12644.147,12504.631,7255.765,12256.481,11604.394199999999,-11.626333333333454,12260.477999999997,7127.8753333333325,12058.83333333333,-0.9534846193444446,0.9756701645189956,-0.6968997583348272
U226,7,19,39,64,74,18749.408,18581.59,13574.462,17422.524,16741.0604,-13.984833333333276,18301.893333333333,13224.841166666667,17282.67566666667,-0.9441403002546237,0.9231146941216669,-0.7947823870074191
U227,10,22,40,59,74,22250.236,22020.971,19003.568,20671.591,20121.2137,-19.105416666666617,21677.073500000002,18640.565083333335,20385.00975,-0.8860286478140311,0.8483715352077708,-0.4793003817562984
U228,12,24,45,64,74,13692.062,14450.211,11241.709,16116.565,14025.7844,63.17908333333329,15776.971749999999,12442.111583333333,16748.355833333335,-0.7736684695992775,0.7537562989894814,-0.8116509836723259
U229,8,20,41,58,74,18884.518,19993.234,14224.724,17025.183,15023.8674,92.39300000000003,21933.487,15795.405,18503.471,-0.798917008739544,0.43913444188970446,-0.7018313187807496
U230,7,19,50,64,74,35445.876,37082.898,24094.306,34290.2,35145.7083,136.41850000000036,41311.87150000001,26004.165000000005,35654.385,-0.8028132418009263,0.8126835175022411,-0.2716039844266137
U231,11,23,47,58,74,11038.423,10559.699,5455.163,7810.162,7210.2386,-39.89366666666668,9602.251,5016.332666666666,7171.863333333334,-0.8124319232933218,0.8642509949753449,0.056711607727561404
U232,6,18,35,54,74,20661.369,20821.866,12686.628,20160.981,18600.541699999998,13.374750000000253,21049.236750000007,12940.748250000006,20428.476000000006,-0.973530699345673,0.9660010371466259,-0.8723435813367674
U233,6,18,47,53,74,31141.827,32182.702,29519.15,31728.93,30074.860399999998,86.73958333333333,34698.14991666667,30039.5875,33550.46125,-0.6730827252126624,0.7644844735675044,-0.6561287852345613
U234,11,23,46,59,74,16250.364,17175.999,14434.944,16508.977,15577.0137,77.13625000000002,18950.13275,15437.71525,17666.02075,-0.7179133762022857,0.5165114296638481,-0.6435534064962876
U235,6,18,42,63,74,23225.884,23520.602,18220.731,22239.922,23402.629599999997,24.559833333333398,24110.038,18736.487500000003,22510.080166666667,-0.9090200058869442,0.871676538885561,0.7676473718184448
U236,11,23,40,59,74,11958.711,11827.347,9063.323,11338.038,10079.7125,-10.946999999999965,11641.248,8855.330000000002,11173.833,-0.9326709898322155,0.9226993263093897,-0.8695051479128415
U237,11,23,38,58,74,41444.477,42429.601,35578.263,39243.411,38753.60050000001,82.09366666666695,43661.00600000001,37220.136333333336,40556.909666666674,-0.8677919869858194,0.5520308229481221,-0.5785756655834879
U238,6,18,48,63,74,13827.585,13279.641,7290.022,14038.333,13126.3272,-45.661999999999956,11909.781,6605.092000000001,13536.051000000001,-0.7712943010231538,0.9156300107499584,-0.44925569552299033
U239,14,26,51,60,74,11605.573,13246.324,11266.386,12871.429,11722.5864,136.72925,16664.55525,12496.949250000001,14785.638500000001,-0.6122872083680863,0.23331446571836312,-0.6154091036725897
U240,9,21,42,57,74,19268.111,19336.111,16434.595,17988.56,18907.335499999997,5.666666666666667,19455.111,16519.595,18084.893333333333,-0.9620960683111665,0.9453012133477909,0.895150302404306
U241,6,18,38,55,74,27153.962,28789.801,22970.437,25922.347,26598.5864,136.31991666666667,31516.199333333334,25287.875583333334,28512.42541666667,-0.7581299261111785,0.21493589461286666,-0.4249276424346532
U242,12,24,43,60,74,20131.379,20844.68,16528.224,19974.136,18595.9318,59.441749999999956,21974.07325,17538.73375,20806.320499999998,-0.828235498538647,0.706751144544608,-0.7264866133705511
U243,10,22,38,64,74,20848.573,22903.045,20166.263,23076.77,20767.9193,171.20599999999982,25642.340999999997,24617.618999999995,24788.829999999998,-0.6665646627895456,-0.25714223728994534,-0.7013659951201217
U244,6,18,48,64,74,24410.009,24961.422,18871.783,23007.682,24298.360500000003,45.95108333333337,26339.9545,19607.000333333333,23467.192833333334,-0.8441755822281382,0.8222351819197389,0.6439773085758126
U245,8,20,48,63,74,18328.269,20137.868,12156.608,18611.88,18348.931300000004,150.79991666666652,24360.26566666666,14418.606749999999,20270.679083333333,-0.7429451209689908,0.6495889328908219,-0.5367190697108221
U246,9,21,51,64,74,18151.351,18568.622,11420.314,17540.218,17511.0571,34.77258333333339,19611.7995,11872.357583333334,17887.943833333335,-0.8870367548875361,0.9261355107313229,-0.5201217183785148
U247,6,18,51,64,74,17933.601,18489.949,13182.519,16904.245,17320.933100000002,46.36233333333348,20019.906000000006,13785.229333333336,17367.868333333332,-0.8171514162678141,0.8380562316158319,-0.09192918579304411
U248,7,19,47,53,74,12567.019,12523.489,9594.854,11602.774,11333.607800000002,-3.6275000000000546,12421.918999999998,9573.089,11526.596499999998,-0.9653183138219678,0.9893904311584492,-0.7169871254265869
U249,10,22,30,60,74,13802.781,13550.191,8497.229,13613.479,13767.3741,-21.04916666666668,13381.797666666667,7865.753999999999,13318.790666666666,-0.966674332137599,0.9010103147730123,0.6035254579157304
U250,7,19,36,56,74,22753.248,22999.659,20077.455,21752.522,21123.931000000004,20.534250000000004,23348.74125,20488.140000000003,22122.1385,-0.9035782545340344,0.7548247323838381,-0.7297777345623406
U251,6,18,46,64,74,13006.997,13237.292,6754.713,9589.193,9039.2302,19.191250000000007,13774.646999999999,7100.1555,9781.1055,-0.9288957984801164,0.8781284397843696,-0.7944795380706405
U252,13,25,33,61,74,17425.994,17629.242,14092.869,17049.65,15332.040999999997,16.9373333333333,17764.740666666665,14567.114333333333,17269.835333333336,-0.9644114822557757,0.8396075551982605,-0.8979669100990908
U253,6,18,47,64,74,19644.147,20010.088,12381.506,16460.911,15402.4807,30.49508333333324,20894.445416666662,12899.922416666665,16765.861833333332,-0.9058923611383923,0.8729186200765393,-0.8172121379759775
U254,9,21,48,58,74,14047.279,14960.507,9431.548,14470.637,13709.558,76.10233333333326,17015.269999999997,10192.571333333333,15688.274333333333,-0.7868168078282014,0.8489760086925766,-0.6190542535916708
U255,8,20,49,57,74,12319.738,11990.388,7260.011,9483.756,9081.9797,-27.445833333333212,11194.458833333338,7040.444333333335,9017.176833333335,-0.8317408598370356,0.9175453628811433,0.12195155763953915
U256,7,19,30,62,74,12987.665,14312.993,10585.495,14850.334,15195.593399999998,110.44399999999996,15527.877,14119.703,16175.662,-0.8026909995442782,0.17131502502204685,-0.4251193048519294
U257,14,26,36,64,74,19710.98,19829.093,12269.921,20312.92,18394.808299999997,9.8427500000001,19927.520500000002,12545.518000000004,20411.3475,-0.9873095464984841,0.9657345475238772,-0.9534614422061579
U258,11,23,47,63,74,18770.29,19816.042,14423.435,18200.439,18587.145899999996,87.14600000000003,21907.546000000002,15817.771,19159.045,-0.7815801909329061,0.6308354452364886,-0.37366690251473295
U259,7,19,44,64,74,18629.109,19035.077,10668.386,17167.596,18163.6502,33.83066666666673,19880.843666666668,11344.999333333335,17505.90266666667,-0.9159129247233267,0.8958929880195694,0.6603531548115879
U260,10,22,51,58,74,9296.97,9764.364,6598.985,9038.535,8764.1341,38.94950000000002,10893.8995,6871.6314999999995,9661.727,-0.791769580326116,0.8882390194912997,-0.5902168676188198
U261,14,26,45,62,74,13384.239,13437.623,7830.775,11043.581,12281.3929,4.448666666666668,13522.147666666666,7906.402333333333,11096.965,-0.9853659679546475,0.9764606598302749,0.9568722840683629
U262,6,18,33,62,74,21411.722,21279.643,16920.904,21134.914,20874.199399999998,-11.006583333333461,21114.54425,16601.71308333333,21002.835,-0.9621223592419732,0.9342198800859406,-0.49339622713879455
U263,10,22,46,62,74,22273.943,23636.454,17369.815,22064.935,23453.522599999997,113.54258333333352,26361.476000000006,19186.496333333336,23427.446000000004,-0.7674237666069824,0.6130703084621189,0.018779225739876358
U264,7,19,49,64,74,14508.857,15436.363,11868.538,14729.957,14388.790899999998,77.29216666666662,17755.127999999997,13027.9205,15502.878666666667,-0.7174083266354717,0.5948225338547064,-0.5903986206887541
U265,11,23,43,64,74,17224.524,17210.874,13308.456,17526.962,17495.503,-1.1375000000001212,17188.123999999996,13284.568499999998,17515.587,-0.9941702810923885,0.9944008610778328,-0.6384182586858963
U266,13,25,43,58,74,11794.196,12643.566,9372.43,11987.191,12157.067899999998,70.7808333333334,13917.621000000003,10434.142500000002,13119.684333333335,-0.7810618420324555,0.5939542849231723,-0.4594587112563862
U267,10,22,43,61,74,22093.783,22451.102,16058.218,17958.67,17919.4444,29.776583333333292,23076.410249999997,16594.1965,18345.76558333333,-0.9181908537848597,0.7179731453359527,-0.5241116249427353
U268,14,26,42,63,74,14949.303,15441.226,10417.703,15735.682,14970.7026,40.99358333333339,16097.123333333335,11278.56825,16186.611416666668,-0.8964697008353119,0.8381217281978736,-0.7294701983377828
U269,12,24,37,64,74,14808.982,15238.461,11888.733,15974.647,15463.5577,35.78991666666661,15703.729916666665,12855.060749999999,16332.546166666667,-0.8912990606697132,0.7634977755283154,-0.7082869229887915
U270,13,25,49,63,74,23179.38,21903.085,14159.618,24475.964,23150.096100000002,-106.35791666666682,19350.494999999995,12670.607166666665,23306.026916666666,-0.6703556688496246,0.8879968667432921,-0.11760660067768712
U271,14,26,44,61,74,12711.439,13047.335,8082.717,13052.06,12367.1996,27.991333333333234,13551.178999999996,8558.569666666664,13415.947333333332,-0.9156366066976478,0.9042423381387309,-0.7424052807976925
U272,8,20,36,64,74,31789.858,33256.431,26666.605,34526.148,35024.8642,122.2144166666664,35211.86166666666,30088.60866666666,35748.292166666666,-0.8137806979111403,0.5646052618241723,-0.371833022416507
U273,13,25,31,52,74,12834.524,13198.617,10299.261,12217.771,11509.9509,30.341083333333398,13380.6635,10936.423750000002,12885.274833333335,-0.9442165328767202,0.6678866672574022,-0.673245173075694
U274,12,24,36,62,74,23526.901,22963.42,13279.252,23556.663,22229.636300000002,-46.956750000000284,22399.938999999995,12058.376499999993,22993.181999999997,-0.9418142064449931,0.9040128980195389,-0.5753808118555535
U275,7,19,42,64,74,23225.824,24798.647,21264.797,24041.461,24576.7771,131.06858333333335,27813.224416666668,24148.305833333332,25352.146833333332,-0.6847667161937543,-0.035729831733392295,-0.3716917927417944
U276,12,24,47,62,74,26968.099,26777.987,22755.95,25458.728,25652.4738,-15.842666666666446,26413.605666666674,22518.310000000005,25268.616,-0.9094037838703802,0.9252247756334225,0.6687769983716932
U277,14,26,46,63,74,28839.109,28925.678,25021.475,27657.753,26910.3352,7.214083333333292,29069.959666666666,25144.114416666664,27737.107916666668,-0.9655879543012932,0.9534800894796888,-0.9124241290658497
U278,10,22,42,62,74,14102.365,13358.095,7568.338,13625.655,13224.137599999998,-62.022500000000036,12117.644999999999,6327.887999999999,12881.385,-0.7857509391154066,0.854717911245404,0.3153132234785169
U279,10,22,49,60,74,24607.481,24677.819,16349.933,18182.27,17242.2964,5.861499999999978,24836.0795,16414.4095,18264.331,-0.9816921507744834,0.9648118768545302,-0.9256758201010872
U280,11,23,39,57,74,13490.687,13422.088,10279.23,13153.508,11974.1983,-5.716583333333347,13330.622666666666,10176.3315,13056.326083333333,-0.9708974018764661,0.9665922096052858,-0.9175942361309617
U281,7,19,48,54,74,23771.364,25709.73,21048.316,24526.523,22352.431100000005,161.53049999999985,30394.114499999996,22017.498999999996,27757.132999999998,-0.6661209265766528,0.7213555719944222,-0.6258838085512579
U282,13,25,32,64,74,27247.918,27226.275,23719.356,27156.318,26532.6423,-1.8035833333333358,27213.64991666667,23661.641333333333,27138.282166666664,-0.9963999501176581,0.9837532914448052,-0.9710813916057092
U283,13,25,44,62,74,25561.972,25664.133,22367.99,24652.129,23914.648100000002,8.513416666666672,25825.887916666667,22521.2315,24754.29,-0.9553120356800336,0.9329106065786714,-0.8915261356702128
U284,7,19,44,64,74,22533.784,23560.345,13507.491,23007.83,21964.1588,85.54675000000013,25699.013750000006,15218.426000000003,23863.297500000004,-0.8507578387909189,0.819908005388018,-0.6894410896192709
U285,10,22,42,61,74,18972.375,19518.455,10312.81,17171.967,18053.821,45.50666666666681,20428.588333333337,11177.436666666668,17763.55366666667,-0.9174550494464024,0.873945636954123,0.3291557710611165
U286,12,24,47,57,74,16579.957,17931.251,10642.936,18418.176,17411.460700000003,112.60783333333347,20521.231166666672,11769.014333333334,20332.50916666667,-0.792274384594116,0.8551712444460448,-0.604098846413701
U287,13,25,32,56,74,15934.021,17423.368,10447.162,18838.227,17829.155399999996,124.11224999999983,18292.153749999998,13425.855999999996,21072.247499999998,-0.9002974599707189,0.6450159783054956,-0.5921171129474317
U288,13,25,44,63,74,24832.44,24335.404,13655.27,18818.265,16450.744,-41.41966666666667,23548.43033333333,12868.296333333334,18362.648666666668,-0.9263142516126981,0.8831853342765241,-0.8075555260826276
U289,12,24,48,60,74,10983.442,11893.666,8979.908,10909.774,10232.697000000002,75.85200000000002,13714.114,9890.132,11971.702,-0.7222663469345597,0.5283486003691447,-0.6208663327541213
U290,7,19,39,59,74,15232.622,15103.352,9338.012,12181.446,11526.2287,-10.772499999999885,14887.902000000004,9122.562000000004,12019.858500000002,-0.9626301310937435,0.9342003595234947,-0.7533833432053797
U291,10,22,39,63,74,20641.104,20987.135,17403.145,20983.204,21514.7902,28.835916666666588,21477.345583333332,18095.207,21300.399083333334,-0.8926015721560578,0.8066897780176254,0.4033045189409857
U292,6,18,46,61,74,21899.996,23366.134,13131.122,16615.752,15765.2686,122.17816666666658,26787.122666666663,14963.794499999998,18204.068166666664,-0.7996726120810367,0.47406970036991064,-0.6055946062041825
U293,13,25,42,63,74,19213.463,19612.774,13806.804,18838.107,19213.1322,33.275916666666795,20178.464583333338,14505.598250000003,19204.142083333336,-0.9184572656417586,0.861110680473825,0.023972033523784818
U294,7,19,50,56,74,19836.495,19782.606,12830.063,15364.124,13302.4334,-4.4907499999999345,19643.392750000003,12803.1185,15283.290500000001,-0.9799766430786553,0.9895884773662553,-0.9607926135958524
U295,10,22,50,59,74,15036.403,15192.967,11977.025,15127.607,15070.343800000002,13.047000000000025,15558.283000000001,12094.448,15323.312,-0.9074346509149454,0.962729743266482,-0.5638139296039946
U296,6,18,49,63,74,18313.33,18176.003,14647.021,18230.096,20085.704899999997,-11.44391666666676,17821.241583333333,14486.806166666665,18104.212916666667,-0.8994720243212723,0.9589561568347892,0.940265458520182
U297,7,19,39,58,74,21104.806,20966.047,14721.287,21491.482,21597.266200000002,-11.563250000000153,20734.781999999996,14501.585249999996,21306.469999999998,-0.9629665511564891,0.9695264930495084,0.6111626491514862
U298,11,23,39,61,74,20037.753,20611.239,13433.953,19787.262,18454.5196,47.790500000000065,21375.887000000002,14485.344000000001,20408.5385,-0.9121758687852477,0.8345128499180503,-0.7587552480387297
U299,8,20,51,63,74,13014.371,13532.754,6546.81,11558.61,12332.441300000002,43.19858333333347,14871.910083333338,7065.193000000002,12033.79441666667,-0.8614320584803756,0.8965675006983516,0.3859328038725395
U300,9,21,51,57,74,16826.324,16555.884,10742.914,12675.02,11231.8487,-22.53666666666686,15879.783999999992,10607.694,12291.896666666664,-0.8836911251907362,0.9386074116045698,-0.7345267790917567
U301,11,23,38,58,74,25598.242,25784.421,24135.526,25283.651,24863.069799999997,15.514916666666673,26017.14475,24445.824333333334,25531.88966666667,-0.8899309123285366,0.7297347123933959,-0.7293098993753803
U302,6,18,38,62,74,10747.313,10503.851,7457.087,11229.619,10323.735200000001,-20.28849999999996,10098.081000000002,6970.163000000001,10986.157000000001,-0.866819353254798,0.8974115009754804,-0.731243676065297
U303,11,23,39,60,74,19633.756,20528.839,13999.639,21389.014,19824.1258,74.5902499999999,21722.283,15566.034249999997,22433.277499999997,-0.8661471264079045,0.788020603907638,-0.7141678558735948
U304,6,18,49,56,74,22622.797,23008.845,17662.319,21578.25,21262.6835,32.170666666666875,24006.135666666676,17887.513666666666,22157.322000000004,-0.8641498317102199,0.9424926877754827,-0.607065295388748
U305,11,23,42,60,74,12584.094,13263.862,11535.545,12624.882,12178.6083,56.647333333333336,14340.161333333333,12555.197,13417.944666666666,-0.7226687138353172,0.06397010291580982,-0.6097898819770808
U306,7,19,48,53,74,16154.158,15111.84,11310.463,14267.207,13247.044,-86.85983333333327,12592.904833333336,10876.163833333334,12443.150500000002,-0.33736244348648814,0.8864678952044991,0.305901367986453
U307,13,25,44,63,74,9045.112,8241.976,5569.331,8327.502,8477.007800000001,-66.92799999999988,6970.344000000003,4297.699000000002,7591.294000000002,-0.524204673647268,0.76013437871067,0.5460890901151958
U308,7,19,48,64,74,22813.731,23515.384,15819.457,23087.622,24836.471200000004,58.471083333333205,25211.04541666666,16754.994333333332,23672.33283333333,-0.8470620359280864,0.8712828708025572,0.6656596616029962
U309,9,21,37,59,74,24661.891,25169.3,20875.022,23809.771,22778.078100000006,42.28408333333331,25845.84533333333,21805.271833333332,24444.03225,-0.8802016703236306,0.6830223527349931,-0.72426006277499
U310,6,18,35,61,74,27952.215,28932.736,18172.006,20833.403,20507.6632,81.71008333333339,30321.80741666667,20296.46816666667,21895.63408333333,-0.8974012509190048,0.20174924422524326,-0.566472030557372
U311,8,20,49,64,74,25091.816,24804.66,20181.397,22843.324,21380.5464,-23.929666666666588,24110.699666666667,19822.452,22604.027333333335,-0.8498981491355061,0.8937975044210974,-0.8364093990319068
U312,10,22,43,63,74,14485.749,15893.872,9809.216,14160.828,14553.397100000002,117.3435833333333,18358.087249999997,12156.087666666666,15451.607416666666,-0.7762466271376331,0.4606891270024381,-0.4103309864769878
U313,10,22,40,60,74,16147.069,16563.384,10445.058,17015.4,15410.2209,34.692916666666555,17187.856499999994,11138.916333333333,17501.100833333334,-0.9152369310155691,0.894395400827943,-0.8114940390703584
U314,8,20,45,64,74,12636.164,13387.128,8594.378,14116.34,13675.794899999999,62.58033333333333,14951.636333333334,9783.404333333334,14742.143333333333,-0.8025051230154889,0.7846732133735558,-0.6301730461410744
U315,12,24,32,63,74,23025.291,23676.896,19505.343,24728.016,23212.1376,54.30041666666663,24111.299333333332,21188.655916666667,25325.320583333334,-0.9138150128043113,0.6776913054547612,-0.779632051930829
U316,8,20,46,57,74,9414.339,8768.117,4281.146,7725.344,5976.7651,-53.85183333333331,7367.969333333334,3688.775833333333,6809.862833333334,-0.6879525928144697,0.8720289353606281,-0.47644274635438744
U317,6,18,39,58,74,32746.045,33879.829,28358.563,33326.326,31243.246000000003,94.48199999999997,35863.951,30153.720999999998,34838.038,-0.7909141778658748,0.6386385582403995,-0.7039634160670392
U318,8,20,42,60,74,25093.269,25434.492,17953.46,25867.238,25599.019200000002,28.435249999999844,26060.067499999994,18465.294499999996,26265.3315,-0.928359781282642,0.9353236216633829,-0.6259946159631973
U319,13,25,44,57,74,8055.724,8391.44,4024.375,7720.399,6679.280400000001,27.97633333333336,8922.990333333335,4388.067333333333,8195.996666666668,-0.9021115807577876,0.9015990336282087,-0.761283772246201
U320,6,18,48,54,74,31697.878,31607.849,27165.385,29248.465,29310.370000000003,-7.502416666666856,31382.776499999993,27120.370499999997,29098.416666666664,-0.9493361116713595,0.979285668597387,0.5855037499827365
U321,7,19,37,64,74,23875.089,24916.14,16660.606,22546.6,22331.2778,86.75424999999996,26477.7165,19002.97075,23414.142499999998,-0.8627630323252586,0.6020443191073588,-0.5551992937679883
U322,10,22,51,58,74,14188.072,15061.531,10446.463,13356.048,11543.2739,72.78825000000006,17172.390250000004,10955.98075,14520.660000000002,-0.7611281827392795,0.8248830159627574,-0.7188284562467567
U323,6,18,36,61,74,31423.954,31896.243,24050.955,29945.44,30212.318100000004,39.35741666666642,32604.676499999994,25034.89041666666,30457.08641666666,-0.9235131025123207,0.8330752531108891,-0.32359009664979427
U324,7,19,49,57,74,21641.09,22361.474,14495.996,20543.675,19911.422,60.03199999999985,24162.433999999994,14976.251999999999,21564.218999999997,-0.8429495514152385,0.9205883777892313,-0.6182514688548901
U325,6,18,36,64,74,14635.085,14981.073,8691.235,15826.013,14638.569899999999,28.832333333333434,15500.055000000002,9498.540333333336,16114.336333333335,-0.9291763068925714,0.886849270806557,-0.8365597155080525
U326,8,20,46,64,74,11386.939,11649.602,9281.433,13288.499,12545.861,21.888583333333372,12218.705166666668,9675.427500000002,13507.384833333334,-0.8376947381369895,0.901675065995918,-0.8145679084860084
U327,11,23,44,59,74,19869.496,20067.64,13529.589,17940.433,19051.8362,16.512000000000018,20414.392,13777.269,18188.113,-0.9520501468909521,0.9438474813437066,0.7771465837060753
U328,6,18,49,63,74,15512.385,15689.918,11052.814,13404.208,14585.0328,14.79441666666662,16148.544916666666,11259.935833333333,13566.946583333334,-0.9174293535943415,0.9119153007393348,0.8621822785790629
U329,13,25,44,63,74,23519.679,23233.142,15960.527,23080.86,24377.937400000003,-23.878083333333354,22779.458416666665,15506.843416666667,22818.201083333333,-0.937617544262506,0.9434852356323472,0.8558715958742722
U330,8,20,38,64,74,18902.114,18284.745,15228.245,18511.646,19328.658399999997,-51.44741666666687,17358.691499999994,13890.612166666662,17997.171833333334,-0.6970215933256974,0.7755147404341011,0.721297339983143
U331,14,26,44,64,74,10928.471,9797.702,6643.678,10585.237,9366.9699,-94.23075000000001,8101.548499999999,4759.063,9642.929499999998,-0.46222555693932554,0.7555872686958494,-0.22651814203962212
U332,7,19,37,64,74,26754.123,26971.173,14991.521,18133.409,16925.0982,18.087499999999938,27296.748,15479.883499999998,18314.284,-0.9742237270444108,0.8445640010083116,-0.8847974549775397
U333,10,22,51,57,74,11114.849,13063.135,7253.743,12528.815,11019.629,162.35716666666667,17771.492833333334,8227.886,15288.886833333334,-0.6907707513693092,0.8153308618346821,-0.6073492119139478
U334,11,23,48,62,74,15160.721,15089.367,10526.821,13946.118,13750.4767,-5.946166666666613,14940.712833333335,10443.574666666667,13874.764000000001,-0.9674185933321735,0.9767843791544198,-0.6352815075344574
U335,14,26,43,63,74,16332.076,16413.537,10366.372,17262.888,16588.3774,6.7884166666667625,16528.940083333335,10502.140333333335,17337.560583333332,-0.9816177742347599,0.980313489690543,-0.9093620675431335
U336,12,24,42,62,74,14996.771,13874.307,9978.509,12606.897,13071.6622,-93.53866666666666,12190.611,8107.735666666667,11484.433,-0.5678174279056564,0.7063120061304659,0.5857597457896709
U337,6,18,33,64,74,32230.297,32750.396,20281.8,32443.507,30803.5413,43.341583333333496,33400.51975000001,21625.38908333334,32876.92283333334,-0.9527829806475754,0.8895229852739143,-0.8271037623157966
U338,11,23,43,59,74,15364.264,16025.545,8407.743,15174.886,15100.752999999997,55.10675000000007,17127.68,9289.451000000001,16001.487250000002,-0.8877899693669523,0.8697074969451657,-0.5214587727746008
U339,7,19,40,64,74,19437.249,19480.299,14986.748,19543.973,21342.8672,3.5874999999999395,19555.636499999997,15072.847999999998,19579.848,-0.9837782442111995,0.981106923621283,0.9800571929132909
U340,12,24,37,59,74,17588.059,18041.938,13089.65,17392.152,17742.1744,37.82324999999977,18533.640249999997,13921.761499999995,17959.500749999996,-0.9171617717730495,0.8065982305179648,-0.27696348463204407
U341,6,18,37,64,74,23178.209,24012.019,18473.748,25090.8,24889.3211,69.48416666666678,25332.21816666667,20349.8205,25785.641666666666,-0.8385802001694813,0.7164791058011933,-0.5633118659364857
U342,7,19,47,64,74,14142.389,15051.453,9965.984,14439.807,13614.443899999998,75.75533333333335,17172.602333333332,11253.824666666667,15197.360333333334,-0.7725983955503751,0.7121386638079632,-0.6763242387820921
U343,6,18,46,64,74,23366.082,22923.063,18173.025,22484.463,24040.5441,-36.91825000000002,21889.352,17508.4965,22115.2805,-0.782378372551967,0.8821861379187464,0.8390973315956303
U344,9,21,51,58,74,24585.434,24718.072,22683.456,23805.473,23091.6228,11.053166666666584,25049.666999999998,22760.828166666666,23982.323666666667,-0.8770871589728847,0.9310418944929821,-0.8343399253856482
U345,12,24,51,64,74,24373.645,25808.736,21605.566,23879.993,25378.2535,119.5909166666667,29037.69075,23160.247916666667,25075.902166666667,-0.6971268481770537,0.3164511691662698,0.20180157811898003
U346,14,26,34,64,74,21003.877,20486.713,17200.16,20350.098,18485.4232,-43.09700000000006,20141.936999999998,15907.249999999998,19919.128,-0.8950949520668002,0.7745877702650634,-0.7688765890974657
U347,8,20,50,56,74,17617.7,17993.017,14574.884,17395.363,14990.1815,31.27641666666659,18931.309499999996,14762.5425,17958.338499999998,-0.8227870681686924,0.9334657340118471,-0.8405680047406894
U348,8,20,37,57,74,19208.374,20000.052,14374.611,18037.792,19437.1785,65.97316666666666,21121.595833333333,15694.074333333334,19159.335833333334,-0.8574646060470602,0.6398039481714572,0.19854605333599207
U349,6,18,41,57,74,33437.965,34145.572,29878.628,33375.331,33190.037200000006,58.9672500000003,35501.818750000006,30822.104000000007,34377.77425,-0.8056796482524554,0.730181259317704,-0.5423010379556406
U350,13,25,35,54,74,16459.26,16673.258,12801.515,16812.524,15754.077199999996,17.833166666666937,16851.58966666667,13140.345166666672,17169.18733333334,-0.9578253241035881,0.9155249547765483,-0.7986969891786759
U351,14,26,45,53,74,22216.305,22393.368,19836.401,22760.623,20501.285500000005,14.755249999999856,22673.717749999996,19954.443,23070.483249999997,-0.9100770560289247,0.9596330237581149,-0.8923744328874239
U352,14,26,44,63,74,10905.2,11108.616,8138.749,10857.919,9395.824299999998,16.95133333333327,11413.739999999998,8460.824333333332,11044.383666666667,-0.9147725701548698,0.8815538074731141,-0.8983857086994375
U353,6,18,51,57,74,18167.418,18645.205,13052.154,15542.115,13170.3988,39.81558333333336,19959.119250000003,13291.0475,16218.979916666667,-0.840173517930776,0.9040573326248884,-0.8183130528236255
U354,11,23,41,60,74,17065.454,17728.487,14940.412,18398.61,15524.7942,55.252749999999956,18723.036500000002,15990.214249999999,19172.1485,-0.7918121676120651,0.6964308434624048,-0.8250266326294998
U355,12,24,45,61,74,16015.272,15762.33,8776.608,16028.722,15576.479800000001,-21.078500000000076,15319.681499999999,8439.351999999999,15754.7015,-0.9366352540224187,0.9574527674195804,-0.394084629873105
U356,6,18,46,64,74,16484.166,15950.692,8376.016,16551.092,15019.131,-44.45616666666683,14705.919333333328,7575.804999999997,16106.530333333332,-0.8356665464415017,0.9181411525018979,-0.7098087570984718
U357,12,24,41,60,74,14188.855,14945.628,9341.302,14166.329,13604.606699999998,63.06441666666675,16017.723083333336,10539.525916666667,15049.230833333335,-0.8616386595480849,0.7516648266078785,-0.6206693948949714
U358,14,26,45,64,74,21159.048,19797.22,12772.567,19657.386,19715.8299,-113.48566666666648,17640.99233333334,10616.339333333337,18522.529333333332,-0.6930485154687838,0.8074328088713735,0.5125515362887079
U359,6,18,49,55,74,16540.864,16967.826,10240.332,13485.305,11368.1948,35.58016666666663,18070.811166666666,10453.813,14161.328166666666,-0.8765333217315135,0.9342117792659601,-0.8051332765843487
U360,11,23,46,53,74,32307.318,32405.223,23022.932,32014.368,30586.946600000003,8.158750000000206,32592.874250000008,23080.043250000002,32185.701750000004,-0.9807686956830077,0.9936482615235206,-0.9032061327541206
U361,7,19,47,64,74,10690.47,10248.15,6916.276,9533.627,9284.215199999999,-36.85999999999998,9216.07,6289.656,9165.027,-0.6902403872415344,0.8381074104703907,0.2443441641269693
U362,11,23,45,63,74,12903.848,13213.121,10896.757,13070.509,13290.908800000001,25.772749999999935,13780.121499999997,11360.6665,13354.00925,-0.8356694146851134,0.7865858202775663,-0.18205517184471523
U363,10,22,40,62,74,21104.273,20813.635,17960.813,20317.347,19940.9614,-24.219833333333554,20377.677999999993,17427.976666666662,20026.709,-0.8471839462819601,0.8443003637029515,-0.22781849252468334
U364,6,18,47,64,74,21328.73,21794.505,15548.835,20230.059,20922.6931,38.81458333333345,22920.12791666667,16208.682916666668,20618.204833333337,-0.86752570712177,0.8590437209014845,0.43960911925454416
U365,10,22,41,62,74,20485.289,20549.296,13759.923,21944.793,21677.459199999998,5.333916666666482,20650.64041666666,13871.935249999997,22008.8,-0.985505789410568,0.9863147184988893,-0.8380995164257956
U366,14,26,46,63,74,15377.95,15248.397,12401.936,15329.76,15015.181400000001,-10.796083333333323,15032.475333333334,12218.402583333333,15211.003083333333,-0.9241438169478988,0.9442975728330907,-0.6224888893692464
U367,13,25,42,59,74,25340.617,26323.872,18504.32,23980.471,23843.401400000002,81.93791666666675,27716.816583333333,19897.264583333334,25209.539750000004,-0.8686575540382596,0.7456343728773488,-0.5264082199836766
U368,11,23,51,58,74,22243.457,23301.29,17633.881,21595.375,21417.134799999996,88.1527500000002,25769.567000000006,18250.95025,23005.819000000003,-0.7672307042187904,0.8442331983842458,-0.5297153352764319
U369,7,19,33,64,74,24759.023,24243.08,13795.922,24043.361,24103.755599999997,-42.99524999999994,23641.146500000003,12463.069250000002,23613.4085,-0.9423830385258843,0.8967832544582771,0.5328124667227914
U370,13,25,45,62,74,17044.242,16727.605,11653.003,17963.976,16783.1175,-26.386416666666566,16199.876666666669,11204.433916666669,17647.339,-0.8960059659194296,0.9377688449912227,-0.7318586435207951
U371,7,19,41,64,74,31201.009,31859.382,21528.731,31241.432,31581.47,54.86441666666693,33066.39916666668,22790.61258333334,31790.07616666667,-0.9052925093795955,0.8700792309643487,-0.2754784745335214
U372,8,20,50,57,74,19459.774,19543.538,17114.2,18123.178,18708.9479,6.9803333333332676,19752.947999999997,17163.062333333335,18241.843666666664,-0.9264752868345096,0.9515724492175901,0.7974193165837572
U373,6,18,48,54,74,27623.041,26678.755,21427.942,24920.154,24805.403899999998,-78.6905,24318.04,20955.799,23346.343999999997,-0.5504096222813497,0.8935775469751142,0.48108225809488214
U374,8,20,48,64,74,13225.738,12041.737,4603.774,11377.269,10507.5452,-98.66675000000002,9279.068,3025.1059999999998,10390.6015,-0.628571828066367,0.8410336456234124,0.10596458245440049
U375,8,20,37,56,74,10146.905,10409.856,5741.623,9046.592,9450.576400000002,21.91258333333326,10782.369916666665,6157.962083333332,9441.018499999998,-0.9311849312021269,0.8740263272262668,0.023659081885348543
U376,6,18,46,64,74,13685.842,13521.758,9828.563,14682.532,13750.2663,-13.673666666666728,13138.895333333332,9582.436999999998,14545.795333333332,-0.8963329402680693,0.9539626214479345,-0.8533286522644054
U377,12,24,43,63,74,15812.946,15609.208,11662.62,14753.158,16304.5619,-16.978166666666613,15286.622833333335,11323.05666666667,14566.398166666666,-0.9182622643491882,0.909922138078772,0.9029780524445759
U378,8,20,44,61,74,20718.893,21419.387,14261.372,20096.821,20634.6449,58.3744999999999,22820.374999999996,15253.738499999998,20855.6895,-0.8593384271130368,0.8299417062851551,-0.22557571686713926
U379,12,24,46,60,74,16210.744,16747.987,11745.923,13744.183,13646.764799999999,44.77025000000003,17732.932500000003,12372.7065,14370.966500000002,-0.8587275018269623,0.6863353617647355,-0.5360545030397081
U380,6,18,38,57,74,9936.814,9281.682,5892.96,9012.438,8777.826799999999,-54.5943333333333,8189.795333333334,4855.667666666667,8084.334333333334,-0.6777880668090608,0.8002926803347515,0.4276604096490605
U381,6,18,46,62,74,19572.042,20493.078,14125.907,19167.234,19374.0999,76.753,22642.162,15353.955,20088.27,-0.7984982943345731,0.756403819867269,-0.43674623033757004
U382,7,19,36,63,74,13714.893,14622.517,9192.024,14521.975,13877.291200000001,75.63533333333332,15908.317666666666,11234.178,15353.963666666667,-0.8393169821417169,0.6168531380494867,-0.6396228729049508
U383,7,19,41,64,74,16552.919,16338.343,11738.304,16777.519,18370.647399999998,-17.881333333333412,15944.953666666666,11327.033333333331,16598.705666666665,-0.9144813047599522,0.9298383209264524,0.9083363481203816
U384,6,18,35,63,74,25628.166,26075.338,14383.927,25988.0,26213.1714,37.26433333333322,26708.831666666665,15427.32833333333,26397.907666666666,-0.9511132741584962,0.9100831808509539,-0.3106670333473515
U385,8,20,44,64,74,23499.349,24848.988,16703.965,23049.119,24030.346999999998,112.4699166666669,27548.266000000007,18953.36333333334,24173.818166666668,-0.8006968468231327,0.6454935004992253,-0.11313241044644312
U386,13,25,43,63,74,16731.78,16608.899,12204.246,16535.492,15115.009300000002,-10.240083333333132,16424.577500000007,11999.444333333337,16422.851083333335,-0.9581530031991182,0.9568006379728872,-0.9207023664092046
U387,7,19,36,55,74,11212.614,10789.627,8684.497,10613.407,10136.4578,-35.248916666666595,10190.395416666668,8014.767583333334,9943.677583333334,-0.7153469936140133,0.795087564831652,0.2235107982755283
U388,9,21,44,58,74,13993.807,14480.603,8958.154,10485.681,9738.2989,40.566333333333205,15413.628666666664,9526.082666666665,11134.742333333332,-0.8737192089635152,0.6282038440782619,-0.6826889167356789
U389,13,25,42,61,74,28013.942,29420.144,24439.839,28504.955,30624.392499999998,117.1835000000001,31412.2635,26666.325500000003,30028.340500000002,-0.7777779327091261,0.45229447326964306,0.28123122290701996
U390,8,20,35,63,74,22824.432,24125.92,21950.203,23516.689,23258.9608,108.45733333333312,25752.779999999995,24987.008333333328,24709.719666666664,-0.7003630394827309,-0.3262211369939178,-0.548742193119104
U391,12,24,40,61,74,22239.158,21743.646,14332.751,19869.732,20993.93,-41.29266666666657,21082.963333333337,13465.605000000003,19332.927333333333,-0.9108498141362597,0.8807435781877537,0.755754447387108
U392,7,19,46,55,74,20143.631,20934.949,13578.895,20986.337,19765.7333,65.94316666666661,22715.4145,14172.3835,22239.257166666666,-0.8369086794568281,0.9198794266630775,-0.6637759334477593
U393,11,23,38,56,74,23616.38,23654.383,16310.278,24099.938,22481.692700000003,3.1669166666667175,23701.88675,16367.282500000001,24156.942499999997,-0.9936143256336022,0.9926820297676663,-0.9670923027871835
U394,6,18,35,64,74,26387.931,26376.128,16240.196,24160.313,24457.1901,-0.9835833333333236,26359.407083333335,16211.672083333333,24150.477166666664,-0.9983503325923393,0.9964243039648025,0.9689279050526465
U395,7,19,37,56,74,16683.384,15694.892,8587.252,11362.746,11651.3008,-82.3743333333332,14212.154000000002,7022.13966666667,9880.008000000002,-0.7913881400858798,0.7349835944324249,0.544338056050361
U396,9,21,38,58,74,24377.819,24018.001,20133.74,22620.846,21426.9025,-29.984833333333274,23508.258833333333,19534.043333333335,22141.08866666667,-0.8687672721615084,0.8373262511553418,-0.5981741737918664
U397,6,18,43,63,74,19846.792,19494.05,14958.503,19426.813,19731.6259,-29.395166666666835,18759.17083333333,14370.599666666663,19103.46616666666,-0.837973420479014,0.8958378488514583,0.6601738288931751
U398,11,23,50,57,74,25195.61,26859.556,21896.861,24895.443,22992.6175,138.66216666666665,30603.4345,22867.496166666668,27252.699833333332,-0.6992977845302324,0.6763019431629126,-0.6437757270766057
U399,11,23,46,64,74,18548.659,18555.416,12336.583,15335.688,13986.1548,0.5630833333334522,18568.36691666667,12346.718500000003,15341.318833333335,-0.9979261062299173,0.996620491780047,-0.9958620998129369
U400,6,18,46,63,74,33798.202,33509.111,29651.3,33536.139,31776.0086,-24.090916666666697,32834.56533333333,29241.754416666667,33271.13891666667,-0.8251480783618831,0.9129354457182455,-0.8494429257438357
U401,7,19,44,53,74,13709.277,14010.898,8376.504,11501.306,9981.93,25.135083333333267,14639.27508333333,8602.71975,12029.142749999999,-0.9088138771456302,0.9276063731398023,-0.7950187947843336
U402,9,21,49,58,74,22785.07,22719.619,18714.405,21251.946,19903.623,-5.454250000000077,22566.899999999998,18665.316749999998,21164.678,-0.961869952516894,0.9813757544198114,-0.9352766362362728
U403,8,20,40,57,74,23667.508,23958.462,17880.002,21903.528,22575.3428,24.246166666666493,24443.385333333328,18292.18683333333,22315.712833333328,-0.9312000234571713,0.8975563142046729,0.386460623771121
U404,6,18,46,53,74,25314.714,25383.33,21944.99,24968.433,22241.721599999997,5.71800000000015,25543.434000000005,21985.016000000003,25088.511000000006,-0.9574026991274283,0.986761450439118,-0.9595270081837819
U405,8,20,38,64,74,11943.378,12391.94,6540.624,11624.395,9901.4617,37.38016666666666,13064.783,7512.508333333333,11998.196666666667,-0.9065106554090163,0.8088260991037296,-0.8486961651880789
U406,10,22,40,63,74,15279.674,15958.149,13166.984,14231.253,14057.9438,56.53958333333321,16975.8615,14467.394416666664,14853.188416666666,-0.7891446134848827,-0.1536826884351756,-0.5611457951437415
U407,11,23,46,64,74,20874.772,21500.727,12077.256,14622.919,14988.246,52.16291666666651,22700.474083333327,13016.188499999997,15144.548166666666,-0.898524010988727,0.6311638657591374,-0.23055751959146306
U408,14,26,45,62,74,14851.981,18021.509,10262.622,17144.876,15243.3553,264.1273333333332,23039.92833333333,14752.786666666663,20314.404,-0.7179986122884902,0.34757353235340294,-0.6153754627391552
U409,11,23,43,61,74,25113.656,24853.737,22022.292,24313.104,23320.2713,-21.659916666666504,24420.53866666667,21632.413500000002,24031.525083333334,-0.8470045035897465,0.8730272793088188,-0.7163883535799478
U410,13,25,43,63,74,16002.446,16431.269,8659.485,11624.495,10811.3688,35.73525000000003,17074.5035,9374.19,12017.582750000001,-0.9289891218538499,0.758953595434754,-0.7542128855362311
U411,11,23,46,64,74,13498.9,14736.36,11094.321,14109.685,14999.2391,103.12166666666674,17108.158333333336,12950.511000000002,15140.901666666667,-0.7171593868832921,0.38442257717476147,-0.12078188669438684
U412,13,25,49,63,74,24235.184,25650.594,18248.426,26105.268,28558.8415,117.95083333333332,28481.414,19899.737666666668,27402.727166666667,-0.7833082053869745,0.7898250128147329,0.4711961281507694
U413,9,21,48,54,74,22698.793,23040.686,20555.485,22406.746,21668.4206,28.491083333333336,23809.94525,20726.4315,22976.567666666666,-0.808818867716798,0.9076594278170402,-0.6965755304907274
U414,7,19,42,61,74,19214.272,19483.539,11098.432,19228.949,19242.6632,22.438916666666653,19999.634083333334,11524.771416666666,19520.654916666666,-0.9451971118464758,0.9475630618979499,-0.487963615084939
U415,10,22,35,58,74,28239.327,28802.1,16323.65,28698.759,29171.571799999998,46.89774999999978,29411.770749999996,17402.298249999996,29449.122999999996,-0.9554913104057688,0.9128372727868501,-0.27001371319346107
U416,6,18,47,63,74,20582.531,20346.609,10942.493,14171.879,13496.741399999999,-19.660166666666555,19776.464166666672,10627.930333333336,13955.617166666669,-0.9393728412821228,0.9184756400871014,-0.6796773971212217
U417,14,26,42,61,74,18937.605,18870.691,15191.227,17599.178,16869.6163,-5.5761666666667224,18781.47233333333,15085.279833333334,17526.687833333333,-0.9757522653661871,0.9595597628155147,-0.9006387442396351
U418,6,18,36,61,74,23920.486,24001.319,14835.046,25859.472,24961.3436,6.736083333333227,24122.568499999998,15003.448083333331,25947.041083333334,-0.9871131429266223,0.984724639329673,-0.9184088221388442
U419,6,18,51,64,74,17553.329,18004.898,9987.451,17242.695,16381.940699999997,37.630749999999956,19246.71275,10476.650749999999,17619.0025,-0.8817440526216528,0.932572943101569,-0.7667567493691625
U420,9,21,44,61,74,15941.182,15338.566,9165.448,12383.693,11387.064600000002,-50.217999999999996,14183.552000000001,8311.742,11730.858999999999,-0.8128961733762421,0.8266818010267463,-0.3449574585673033
U421,12,24,34,53,74,20455.013,21461.438,18407.456,20773.593,19309.9444,83.86874999999993,22300.1255,20000.962249999997,22534.83675,-0.822738487076752,0.32653677703362194,-0.6467718259836511
U422,6,18,34,64,74,10734.448,9806.389,6842.153,9652.382,9085.467099999998,-77.33825000000009,8568.976999999997,4522.0054999999975,8878.999499999998,-0.582552806186821,0.688592708378632,0.21071345504786868
U423,10,22,50,64,74,25665.247,26736.126,20260.804,24511.905,25635.7024,89.23991666666673,29234.843666666668,21510.162833333336,25404.304166666665,-0.7822042605741508,0.7061093506521403,0.20590742898438227
U424,9,21,46,63,74,17134.519,17628.074,9584.695,15656.534,16883.6686,41.12958333333336,18656.313583333336,10283.897916666667,16108.959416666667,-0.8981926709894885,0.884844951147969,0.6313155731517419
